{"global_mean": -4.214846134185791, "global_std": 39.93134689331055}